family,pdb_id,wt_or_var,sequence,thermal_class,thermophilicity_prediction_score,melt_temp_replica1,melt_temp_replica2,melt_temp_replica3,avg_melt_temp,aromaticity,instability_index,isoelectric_point,sec_struc_helix,sec_struc_turn,sec_struc_sheet,flexibility_mean,gravy,num_pos_residues,num_neg_residues,aliphatic_index,clashes,rama_core,rama_allow,rama_general,rama_disallow,rmsd_to_original,num_coils,num_helices,num_sheets,A_prop,C_prop,D_prop,E_prop,F_prop,G_prop,H_prop,I_prop,K_prop,L_prop,M_prop,N_prop,P_prop,Q_prop,R_prop,S_prop,T_prop,V_prop,W_prop,Y_prop
kinase,3aox,wt,GMQMELQSPEYKLSKLRTSTIMTDYNPNYCFAGKTSSISDLKEVPRKNITLIRGLGHGAFGEVYEGQVSGMPNDPSPLQVAVKTLPEVCSEQDELDFLMEALIISKFNHQNIVRCIGVSLQSLPRFILLELMAGGDLKSFLRETRPRPSQPSSLAMLDLLHVARDIACGCQYLEENHFIHRDIAARNCLLTCPGPGRVAKIGDFGMARDIYRASYYRKGGCAMLPVKWMPPEAFMEGIFTSKTDTWSFGVLLWEIFSLGYMPYPSKSNQEVLEFVTSGGRMDPPKNCPGPVYRIMTQCWQHQPEDRPNFAIILERIEYCTQDPDVINTALPIEYGPLVEEEEKV,Non-thermophilic,[0.0067274],48.34605408,44.99889374,49.42556,47.59016927,0.090116279,48.76104651,5.406490898,0.302325581,0.252906977,0.261627907,0.998162011,-0.232267442,40,42,82.47093023,,,,,,,,,,0.049418605,0.031976744,0.046511628,0.075581395,0.040697674,0.072674419,0.01744186,0.063953488,0.043604651,0.095930233,0.040697674,0.034883721,0.078488372,0.040697674,0.055232558,0.066860465,0.043604651,0.052325581,0.011627907,0.037790698
kinase,3bgq,wt,MGSSHHHHHHSSGLVPRGSHMLLSKINSLAHLRAAPCNDLHATKLAPGKEKEPLESQYQVGPLLGSGGFGSVYSGIRVSDNLPVAIKHVEKDRISDWGELPNGTRVPMEVVLLKKVSSGFSGVIRLLDWFERPDSFVLILERPEPVQDLFDFITERGALQEELARSFFWQVLEAVRHCHNCGVLHRDIKDENILIDLNRGELKLIDFGSGALLKDTVYTDFDGTRVYSPPEWIRYHRYHGRSAAVWSLGILLYDMVCGDIPFEHDEEIIRGQVFFRQRVSSECQHLIRWCLALRPSDRPTFEEIQNHPWMQDVLLPQETAEIHLHSLSPGPSK,Non-thermophilic,[0.01826793],43.68097687,44.38508606,46.67221451,44.91275915,0.084084084,42.32732733,6.11606884,0.327327327,0.243243243,0.246246246,0.996014183,-0.303303303,55,44,92.16216216,,,,,,,,,,0.042042042,0.018018018,0.06006006,0.072072072,0.042042042,0.075075075,0.06006006,0.057057057,0.036036036,0.117117117,0.015015015,0.024024024,0.06006006,0.033033033,0.069069069,0.084084084,0.024024024,0.069069069,0.021021021,0.021021021
kinase,4dfx,wt,GNAAAACKGSEQESVKEFLAKAKEDFLKKWETPSQNTAQLDQFDRIKTLGTGSFGRVMLVKHKESGNHYAMKILDKQKVVKLKQIEHTLNEKRILQAVNFPFLVKLEFSFKDNSNLYMVMEYVAGGEMFSHLRRIGRFSEPHARFYAAQIVLTFEYLHSLDLIYRDLKPENLLIDQQGYIQVTDFGFAKRVKGRTWTLCGTPEYLAPEIILSKGYNKAVDWWALGVLIYEMAAGYPPFFADQPIQIYEKIVSGKVRFPSHFSSDLKDLLRNLLQVDLTKRFGNLKNGVNDIKNHKWFATTDWIAIYQRKVEAPFIPKFKGPGDTSNFDDYEEEEIRVSINEKCGKEFTEF,Non-thermophilic,[0.04887912],49.28071213,44.54440308,49.47615814,47.76709112,0.128571429,32.92517143,8.66592083,0.337142857,0.194285714,0.248571429,1.001848869,-0.396,57,45,82.2,,,,,,,,,,0.065714286,0.008571429,0.054285714,0.074285714,0.071428571,0.062857143,0.022857143,0.06,0.097142857,0.091428571,0.017142857,0.045714286,0.037142857,0.042857143,0.042857143,0.048571429,0.042857143,0.057142857,0.017142857,0.04
kinase,4e3a,wt,MHHHHHHSSGVDLGTENLYFQSMTRFDVLTVGNAIVDIISRCNDQFLIDNQITKAAMNLIDAERAELLYSRMGPALEASGGSAGNTAAGVANLGGKAAYFGNVAADQLGDIFTHDIRAQGVHYQTKPKGAFPPTARSMIFVTEDGERSMNTYLGACVELGPEDVEADVVADAKVTYFEGYLWDPPRAKEAILDCARIAHQHGREMSMTLSDSFCVDRYRGEFLDLMRSGKVDIVFANRQEALSLYQTDDFEEALNRIAADCKIAAVTMSENGAVILKGRERYYVNAIRIREVVDTTGAGDLFASGFLYGYTQGRSLEDCGKLGCLAAGIVIQQIGPRPMTSLSEAAKQAGLI,Non-thermophilic,[0.03890611],51.229599,51.00251389,42.60782623,48.27997971,0.079545455,22.19431818,5.154012108,0.28125,0.210227273,0.289772727,0.997619152,-0.136647727,42,46,84.34659091,,,,,,,,,,0.119318182,0.019886364,0.071022727,0.059659091,0.039772727,0.09375,0.028409091,0.059659091,0.03125,0.079545455,0.03125,0.036931818,0.025568182,0.036931818,0.059659091,0.053977273,0.051136364,0.0625,0.002840909,0.036931818
kinase,5i9u,wt,GDPNQAVLKFTTEIHPSCVTRQKVIGAGEFGEVYKGMLKTSSGKKEVPVAIKTLKAGYTEKQRVDFLGEAGIMGQFSHHNIIRLEGVISKYKPMMIITEYMENGALDKFLREKDGEFSVLQLVGMLRGIAAGMKYLANMNYVHRDLAARNILVNSNLVCKVSDFGLSRVLEDDPEATYTTSGGKIPIRWTAPEAISYRKFTSASDVWSFGIVMWEVMTYGERPYWELSNHEVMKAINDGFRLPTPMDCPSAIYQLMMQCWQQERARRPKFADIVSILDKLIRAPDSLKTLADFDPRVSIRLPSTSG,Non-thermophilic,[0.01116475],48.34346008,44.65087891,42.0496521,45.0146637,0.091503268,26.37222222,8.734708595,0.307189542,0.225490196,0.254901961,0.99874515,-0.215686275,44,35,84.11764706,,,,,,,,,,0.068627451,0.013071895,0.052287582,0.062091503,0.039215686,0.075163399,0.016339869,0.068627451,0.068627451,0.078431373,0.045751634,0.032679739,0.049019608,0.029411765,0.058823529,0.068627451,0.052287582,0.068627451,0.016339869,0.035947712
kinase,5wjj,wt,GAMGSMSQERPTFYRQELNKTIWEVPERYQNLSPVGSGAYGSVCAAFDTKTGLRVAVKKLSRPFQSIIHAKRTYRELRLLKHMKHENVIGLLDVFTPARSLEEFNDVYLVTHLMGADLNNIVKSQKLTDDHVQFLIYQILRGLKYIHSADIIHRDLKPSNLAVNEDSELKILDFGLARHTDDEMTGYVATRWYRAPEIMLNWMHYNQTVDIWSVGCIMAELLTGRTLFPGTDHIDQLKLILRLVGTPGAELLKKISSESARNYIQSLTQMPKMNFANVFIGANPLAVDLLEKMLVLDSDKRITAAQALAHAYFAQYHDPDDEPVADPYDQSFESRDLLIDEWKSLTYDEVISFVPPPLDQEEMES,Non-thermophilic,[0.02303771],45.99697876,44.51105499,49.00880432,46.50561269,0.090410959,44.73783562,5.484246635,0.328767123,0.194520548,0.284931507,0.997409009,-0.269589041,50,50,94.05479452,,,,,,,,,,0.071232877,0.005479452,0.073972603,0.063013699,0.035616438,0.046575342,0.032876712,0.060273973,0.052054795,0.117808219,0.032876712,0.038356164,0.046575342,0.04109589,0.052054795,0.063013699,0.052054795,0.060273973,0.01369863,0.04109589
kinase,6i2a,wt,GHMGNAAAAKKGSEQESVKEFLAKAKEEFLKKWESPSQNTAQLDHFDRIKTLGTGSFGRVMLVKHKETGNHYAMKILDKQKVVKLKQIEHTLNEKRILQAVNFPFLVKLEFSFKDNSNLYMVMEYVPGGEMFSHLRRIGRFSEPHARFYAAQIVLTFEYLHSLDLIYRDLKPENLLIDQQGYIQVTDFGFAKRVKGRTWTLCGTPEYLAPEIILSKGYNKAVDWWALGVLIYEMAAGYPPFFADQPIQIYEKIVSGKVRFPSHFSSDLKDLLRNLLQVDLTKRFGNLKNGVNDIKNHKWFATTDWIAIYQRKVEAPFIPKFKGPGDTSNFDDYEEEEIRVSINEKCGKEFTEF,Non-thermophilic,[0.08412247],48.60675049,44.58805466,47.26539612,46.82006709,0.127478754,33.54677054,8.84739933,0.33427762,0.198300283,0.249291785,1.002331292,-0.424362606,60,45,81.21813031,,,,,,,,,,0.062322946,0.005665722,0.050991501,0.076487252,0.07082153,0.065155807,0.028328612,0.059490085,0.099150142,0.090651558,0.019830028,0.045325779,0.039660057,0.039660057,0.042492918,0.04815864,0.042492918,0.056657224,0.016997167,0.039660057
kinase,6vwo,wt,GSHMKFPGKRKSKHYFPVNARDPLLQQFQPENETSAAWVVGIDQTLVDIEAKVDDEFIERYGLSAGHSLVIEDDVAEALYQELKQKNLITHQFAGGTIGNTMHNYSVLADDRSVLLGVMCSNIEIGSYAYRYLCNTSSRTDLNYLQGVDGPIGRCFTLIGESGERTFAISPGHMNQLRAESIPEDVIAGASALVLTSYLVRCKPGEPMPEATMKAIEYAKKYNVPVVLTLGTKFVIAENPQWWQQFLKDHVSILAMNEDEAEALTGESDPLLASDKALDWVDLVLCTAGPIGLYMAGFTEDEAKRKTQHPLLPGAIAEFNQYEFSRAMRHKDCQNPLRVYSHIAPYMGGPEKIMNTNGAGDGALAALLHDITANSYHRSNVPNSSKHKFTWLTYSSLAQVCKYANRVSYQVLNQHSPRLTRGLPEREDSLEESYWDR,Non-thermophilic,[0.00320401],49.07060623,41.17770386,40.97724915,43.74185308,0.089244851,41.91601831,5.561433983,0.292906178,0.23798627,0.276887872,1.000194593,-0.353546911,55,54,82.17391304,,,,,,,,,,0.086956522,0.016018307,0.054919908,0.068649886,0.029748284,0.068649886,0.032036613,0.04805492,0.04805492,0.09610984,0.025171625,0.04805492,0.050343249,0.041189931,0.04576659,0.070938215,0.050343249,0.059496568,0.013729977,0.04576659
kinase,6xx6,wt,MMSKARVYTEVNVIRPKDYWDYESLIVQWGEQDDYEVVRKVGRGKYSEVFEGINVNSKEKCIIKILKPVKKKKIRREIKILQNLCGGPNIVKLLDVVRDQHSKTPSLIFEYVNSTDFKVLYPTLTDYDIRYYIYELLKALDFCHSQGIMHRDVKPHNVMIDHELRKLRLIDWGLAEFYHPGKEYNVRVASRYFKGPELLVDLQDYDYSLDMWSLGCMFAGMIFRKEPFFYGHDNQDQLVKIAKVLGTDELNAYLNKYQLELDPQLEALVGRHSRKPWSKFINADNQHLVSPEAIDFLDKLLRYDHQDRLTAKEAMAHAYFAQVRAAETSRMRSQLEHHHHHH,Non-thermophilic,[0.08797888],43.33168793,44.78071976,47.54178619,45.21806463,0.114035088,30.42929825,8.147401619,0.347953216,0.16374269,0.242690058,0.998851208,-0.519883041,67,48,88.88888889,,,,,,,,,,0.049707602,0.011695906,0.076023392,0.064327485,0.038011696,0.043859649,0.049707602,0.058479532,0.084795322,0.102339181,0.026315789,0.038011696,0.035087719,0.040935673,0.061403509,0.046783626,0.023391813,0.073099415,0.014619883,0.061403509
kinase,8ias,wt,MGSSHHHHHHSSGLVPRGSHMNKRVKIVATLGPAVEIRGGKKFGEDGYWGEKLDVEASAKNIAKLIEAGANTFRFNFSHGDHQEQGERMATVKLAEKIAGKKVGFLLDTKGPEIRTELFEGEAKEYSYKTGEKIRVATKQGIKSTREVIALNVAGALDIYDDVEVGRQVLVDDGKLGLRVVAKDDATREFEVEVENDGIIAKQKGVNIPNTKIPFPALAERDNDDIRFGLEQGINFIAISFVRTAKDVNEVRAICEETGNGHVQLFAKIENQQGIDNLDEIIEAADGIMIARGDMGIEVPFEMVPVYQKMIIKKVNAAGKVVITATNMLETMTEKPRATRSEVSDVFNAVIDGTDATMLSGESANGKYPLESVTTMATIDKNAQALLNEYGRLDSDSFERNSKTEVMASAVKDATSSMDIKLVVTLTKTGHTARLISKYRPNADILALTFDELTERGLMLNWGVIPMLTDAPSSTDDMFEIAERKAVEAGLVESGDDIVIVAGVPVGEAVRTNTMRIRTVR,Non-thermophilic,[0.00150658],49.47034073,46.49217987,46.35151672,47.43801244,0.051823417,21.37466411,5.38443737,0.27831094,0.20537428,0.276391555,1.005362932,-0.268714012,76,80,88.9059501,,,,,,,,,,0.094049904,0.001919386,0.067178503,0.086372361,0.032629559,0.084452975,0.021113244,0.074856046,0.071017274,0.063339731,0.032629559,0.046065259,0.026871401,0.021113244,0.053742802,0.047984645,0.067178503,0.088291747,0.003838772,0.015355086
kinase,3aox,var,KRQQELQSPEYQLSKLRTNTIMTDYNPNYCFAGKTSSVSDLKEVPRKNITLIRGLGHGAFGEVYEGQVFGMPNDPSPLQVAVKTLPEVCSEQDELDFLMEALIISKFNHPNIVRCIGVSLQSLPRFILLELMAGGDLKSFLRETRPRPGQPSSLTMQDLLHIARDIAKGCQYLEENHFIHRDIAARNCLLTSPGPGRVAKIGDFGMARDIYRASYYRKGGQAMLPVKWMPPESFMDGVFTSKTDVWSFGVLLWEIFSLGYMPYPSKSNQEVMEYITSGGRMEPPRNCPGPVYSIMTQCWQHQPEDRPNFSTILERIDYCTQDPDIINTSLPIQYSTLSEEEEEV,Non-thermophilic,0.01143806,49.06703568,45.47898865,49.0164032,47.85414251,0.093023256,53.12412791,5.400295448,0.296511628,0.264534884,0.238372093,0.999832054,-0.383430233,40,42,78.19767442,,,,,,,,,,0.037790698,0.023255814,0.049418605,0.072674419,0.040697674,0.069767442,0.01744186,0.063953488,0.040697674,0.090116279,0.037790698,0.037790698,0.078488372,0.052325581,0.058139535,0.078488372,0.049418605,0.049418605,0.011627907,0.040697674
kinase,3bgq,var,SSHHHHHHSSSGGLFSSLKKKLHHHHSSSSHHHSHSHPDLSSLGPGPGPGPGSLEEVYEKGELLGKGGFGSVYAGKRKSDGLPVALKFIPKEKVSSWVTLPGGKKVPLEIALLEKVSGGSPGVIRLLDWFEREDSFVLVLERPSPCQDLFDFISQEGPLGEDRARPLFLQVLEAVRHCHSRGVLHRDIKDENILIDTSSLQLKLIDFGSGALLKEGPYRDFEGTRVYSPPEWFREGRYQGRPATVWSLGVLLYQLLCGDLPFREEEEILEGRLRFSRPLSPECQDLIRRCLALRPQDRPSLEELLAHPWARGPAGAPGAPGPGPGAPGGPPPP,Non-thermophilic,0.01421743,49.64559937,49.77446747,53.10567474,50.84191386,0.072072072,50.04114114,6.828886604,0.285285285,0.324324324,0.255255255,1.004505989,-0.470570571,58,41,82.55255255,,,,,,,,,,0.042042042,0.015015015,0.045045045,0.078078078,0.039039039,0.117117117,0.057057057,0.03003003,0.048048048,0.135135135,0,0.003003003,0.102102102,0.024024024,0.069069069,0.102102102,0.012012012,0.048048048,0.015015015,0.018018018
kinase,4dfx,var,PAPAAAAPAAAAPNPQEELKKQKEEFEKQWNQNKPQNIQVSQFELLKTLGTGTFGRVMLVKNKQNNQYYAMKILEKQKIVKLKQVEHTLNEKKILQQVNFPFLVKLEFAFKDAQNLYLVMEFVNGGELFSHLRRVGKFNEQTTKFYAAQIVLAFEYLHQMDIIYRDLKPENLLLDNQGYIKLTDFGFAKQAQDRTWTFCGTPEYLAPEIILSKGYNKAVDWWALGILIFEMAAGYPPFYSEEPFKIYEKIVQGQIQFPQNFSQDLKDLIKNLLQQDLSKRFGNLKNGVQDIKQHKWFANFDWNQLYQKKIQAPFVPKLNGPGDTSNFDEFPEEVVQQNQNQDWDKDFLQQ,Non-thermophilic,0.06004549,50.24066925,44.98199844,47.9338913,47.718853,0.134285714,39.20062857,8.082030678,0.334285714,0.191428571,0.251428571,1.005251676,-0.571714286,46,41,80,,,,,,,,,,0.068571429,0.002857143,0.048571429,0.068571429,0.077142857,0.048571429,0.011428571,0.051428571,0.102857143,0.1,0.014285714,0.071428571,0.051428571,0.108571429,0.017142857,0.02,0.031428571,0.048571429,0.02,0.037142857
kinase,4e3a,var,MHHHHHHHHGVDLSKVNLKDVDFSKYDVVAIGNAIVDVLSKVNEEFLKENGIEKGSMNLIDEKKAEELYSKIGESVEISGGSAANTAVGVASFGGKAAFIGKVKDDKLGEIFINDMKKAGVEFVTPPKEKGVSTARSIVFITPDAQRTMNTFLGASTEFSPEDVNEELVKNSKILYLEGYLFDPPKAKEAFLKAVEIAKKEGKIVSLTLSDPFCVERHRDEFLELLKSGKVDIVFANKDEAKALYGVDDFEEALKKISKDVKIAVITDSENGAYIAKGDEKVFIPAYPVKEVVDTTGAGDLFASGFLYGFVKGKSLEECGKLGSLAASIVISKIGARPEVSLLEEAKKAGLW,Thermophilic,0.99792621,69.45401764,68.42591095,56.39964676,64.75985845,0.079545455,18.17102273,5.526989555,0.318181818,0.21875,0.278409091,1.009015237,-0.156818182,56,57,92.78409091,,,,,,,,,,0.090909091,0.005681818,0.065340909,0.096590909,0.053977273,0.085227273,0.025568182,0.065340909,0.119318182,0.079545455,0.011363636,0.034090909,0.028409091,0.002840909,0.014204545,0.071022727,0.03125,0.09375,0.002840909,0.022727273
kinase,5i9u,var,KELQAAFEAKLKEFKESEITKEKLVGEGQFGQVWKGKLKLKKEGVEVPVAIKTLKANADDKTKKDFLKEAAIMKKFDHPNIIKLLGVVTKSEPLCIITEFMENGALNVYLKKHEGELTTLDLVRMCRDVALGMKYLESKKFVHRDLACRNVLVGANKVCKVADFGLSRELEDDDSYYTMTSGGKLPIKWTAPEALTYGKFTSASDVWSFGVVMWEVLTRGAKPYAELTNEQARARVRDGHRLARPDATPAPLYDVMLACWHPDPDARPTFAALVDALDALVDAARATPPPSRAPSRPASARPPSAR,Non-thermophilic,0.01341476,47.73059464,50.09332657,49.32840729,49.05077616,0.075163399,26.21013072,8.997481728,0.277777778,0.183006536,0.31372549,1.004583333,-0.340196078,54,42,83.26797386,,,,,,,,,,0.117647059,0.016339869,0.065359477,0.071895425,0.035947712,0.055555556,0.016339869,0.026143791,0.104575163,0.10130719,0.022875817,0.022875817,0.062091503,0.013071895,0.055555556,0.04248366,0.055555556,0.075163399,0.016339869,0.022875817
kinase,5wjj,var,MMQQQQQQQQQQFYKVQINGQTWEVDQRYQNIQPIGSGAYGIVCSANDTITGEKVAIKKLTKPFDNITHAKRAYREIKLLKHFNHENIIGLKDIFKPQKPLEEFKDIYLVTELLSTDLGKILKTQKLTDDHIQFFIYQILRGLKYIHSANIIHRDLKPANLAINENCDLKILDFGLAREVGDHMTEYVSTRWYRAPEIMLTYKQYSQAVDIWSVGCIFAELLTGKPLFPGKDYIHQLQLIMNVIGTPDPEVMKKINSEQARRYIQNLPQQPKKNFQQLFPNANPQAIDLLEKMLVFDPDKRITAAEALQHPYLAQYHNPDDEPTAEPFDWSFEDQDLSIQQIKELIYQEVLNYHPPELTEEQKKK,Non-thermophilic,0.17379294,46.76110077,44.23484039,46.42230225,45.80608114,0.098630137,38.70386301,6.144374657,0.323287671,0.17260274,0.235616438,1.002190811,-0.569863014,53,47,89.53424658,,,,,,,,,,0.054794521,0.008219178,0.063013699,0.065753425,0.04109589,0.038356164,0.030136986,0.093150685,0.084931507,0.095890411,0.019178082,0.049315068,0.057534247,0.101369863,0.030136986,0.02739726,0.046575342,0.035616438,0.010958904,0.046575342
kinase,6i2a,var,EDQRDDDGSGGGGAGSSG,Non-thermophilic,,,,,,0,46.69444444,4.050028419,0,0.555555556,0.111111111,1.038179894,-1.605555556,1,5,5.555555556,,,,,,,,,,0.055555556,0,0.222222222,0.055555556,0,0.388888889,0,0,0,0,0,0,0,0.055555556,0.055555556,0.166666667,0,0,0,0
kinase,6vwo,var,MMKIKLPFGKKQEVEVPAEVLEQLKQAQPVEKPAKPRKLVGLDQVLVDVVAKVDDAFLEKHGLEKGGSKLVTQEEAEALYKELKDAGVVERVDVGGSLGNTLHDYAALTDDVGVVVGKVAKDDEYGTFLENYLKEHTDKVDLSYLKRGDGVTGRCIVLTTPDAERTFLTYRGVSATLDASDVPEDVIASADALLVSSYLLKAKPDEPAYQAALKAAEVAKKHNVPVVFTLGTKEVVADNLDFWKQFLPQYATVVAMNEEEAEALTGEKDFDAMVAKLKDYVDVLVLTAGEKGLYAYALSDEEAKRLAELPLPEGEERELTEEEKAYLEQHPDAPKPVKVVKAFVPYDKLPEGAKSTLGAGDATVAGLLHALAVDGVLDPEHPYDKEHPLPKLTEEQLVRAVKYGQAVSLAKLYKDGPATKQDVLDLLPQIEAELAKD,Thermophilic,0.62951331,78.71872711,74.21632385,72.49642181,75.14382426,0.061784897,26.28924485,4.771997261,0.311212815,0.155606407,0.352402746,1.008008845,-0.273913043,61,81,97.50572082,,,,,,,,,,0.116704805,0.00228833,0.084668192,0.100686499,0.020594966,0.064073227,0.018306636,0.009153318,0.100686499,0.125858124,0.009153318,0.011441648,0.054919908,0.032036613,0.020594966,0.025171625,0.04805492,0.114416476,0.00228833,0.038901602
kinase,6xx6,var,APPPPPAYADVHAARARDYWDYEARPVAWGGQDDYEVVRKVGRGKYSEVFEGARRGTGERVVVKILKPVKKKKIKREIKILENLRGGPNVIALLDVVRDGGGGGAALVFEHVNNTDFKQLYQNLTDYDIKYYMYELLRALDFCHSQGIMHRDVKPHNVMIDHGRRRLRLIDWGLAEFYHPGQEYNVRVASRYYKGPELLVDFQEYDYSLDIWSLGCMLAGMIFRKEPFFHGHDNYDQLVKIAKVLGTDDLYAYLDKYRIPLDPRFDEVMPKHPRKPWDKFILPENRHYATPEALDLLDKMLRYDHAERITAKEAMAHPYFTTTTTTTAAAAAAAAAHHHHHH,Non-thermophilic,0.0484593,49.43774414,61.05384064,58.41695786,56.30284754,0.116959064,38.75880117,8.306251717,0.312865497,0.166666667,0.260233918,0.997494602,-0.553216374,68,47,79.32748538,,,,,,,,,,0.096491228,0.005847953,0.081871345,0.055555556,0.035087719,0.067251462,0.055555556,0.043859649,0.067251462,0.084795322,0.023391813,0.026315789,0.058479532,0.020467836,0.076023392,0.014619883,0.038011696,0.067251462,0.014619883,0.067251462
kinase,8ias,var,MHHHHHHHHHAPVFEPVVGSKNNPTKIIATIGPAITIGGGVKDGKDGKDGKKVDLEESAKQIAKLIEAGANVFRFNFSHGDHAEQAERLANLKLAEKLTGKTVAVMLDTKGPEIRTGVFEGGKKEYPVKKGDKVKFVAKEGEKASKDVFTIPVDGKYPIYEDVKVGDLVLIDDGRIRTKVVAKDDAKKEITAEVENDFVLGERKGINLPGVKLSAPALTQKDKDDIKFAVEKGFDFLALSFVRNAADINEVRALLKELKADNVKIIAKIENQEGLDNLDEIIAAADGIMVARGDLGVEIPFEQVPVAQKLIIKKANAAGKVVITATQMLESMIENPTPTRAEVSDVFNAVMDGTDAVMLSGETAVGKYPVEAVAAMDKTIRAAEAYLKETGKLPEKVVKVESEADAIANATRQAALDLEVKAIVAFTKSGSTARLVSKYRPAAPIFALTPDEKTARRLALSWGVYPVLAEAPKTTDEMFALAEKKLKELKLAAAGDKVVITAGVPVAEVGRTNMMQIRTLA,Non-thermophilic,0.11269934,71.17015839,69.9776535,64.23410034,68.46063741,0.047984645,16.82130518,6.868332863,0.284069098,0.174664107,0.307101727,1.007765044,-0.17428023,87,77,95.33589251,,,,,,,,,,0.13243762,0,0.067178503,0.080614203,0.032629559,0.07293666,0.021113244,0.063339731,0.111324376,0.07293666,0.021113244,0.032629559,0.042226488,0.017274472,0.034548944,0.026871401,0.055662188,0.099808061,0.001919386,0.013435701
protease,1btw,wt,VDDDDKIVGGYTCGANTVPYQVSLNSGYHFCGGSLINSQWVVSAAHCYKSGIQVRLGEDNINVVEGNEQFISASKSIVHPSYNSNTLNNDIMLIKLKSAASLNSRVASISLPTSCASAGTQCLISGWGNTKSSGTSYPDVLKCLKAPILSDSSCKSAYPGQITSNMFCAGYLEGGKDSCQGDSGGPVVCSGKLQGIVSWGSGCAQKNKPGVYTKVCNYVSWIKQTIASN,non_thermophilic,0.0034,53.11,52.17,47.718,50.99933333,0.074235808,20.5768559,8.22953434,0.279475983,0.362445415,0.148471616,1.000276028,-0.11790393,20,14,78.29694323,,86.7,13.3,0,0,,,,,0.061135371,0.052401747,0.043668122,0.017467249,0.013100437,0.109170306,0.013100437,0.065502183,0.065502183,0.061135371,0.008733624,0.069868996,0.034934498,0.043668122,0.008733624,0.148471616,0.043668122,0.07860262,0.017467249,0.043668122
protease,1hxw,wt,PQITLWQRPLVTIKIGGQLKEALLDTGADDTVLEEMNLPGRWKPKMIGGIGGFIKVRQYDQILIEICGHKAIGTVLVGPTPVNIIGRNLLTQIGCTLNF,non_thermophilic,0.001,57.94,59.81,57.67,58.47333333,0.050505051,43.08989899,8.830766487,0.363636364,0.232323232,0.212121212,0.995480556,0.181818182,11,8,119.0909091,,,,,,,,,,0.03030303,0.02020202,0.04040404,0.04040404,0.02020202,0.131313131,0.01010101,0.131313131,0.060606061,0.121212121,0.02020202,0.04040404,0.060606061,0.060606061,0.04040404,0,0.080808081,0.060606061,0.02020202,0.01010101
protease,2fyq,wt,MAHHHHHHDDDDKAPPTLWSRVTKFGSGWGFWVSPTVFITTTHVVPTGVKEFFGEPLSSIAIHQAGEFTQFRFSKKMRPDLTGMVLEEGCPEGTVCSVLIKRDSGELLPLAVRMGAIASMRIQGRLVHGQSGMLLTGANAKGMDLGTIPGDCGAPYVHKRGNDWVVCGVHAAATKSGNTVVCAVQAGEGETALE,non_thermophilic,0.0736,47.66,49.23,50.78,49.22333333,0.067010309,23.79845361,6.585161018,0.262886598,0.24742268,0.237113402,0.99620399,-0.08814433,28,19,75.36082474,,,,,,,,,,0.082474227,0.025773196,0.046391753,0.051546392,0.041237113,0.12371134,0.056701031,0.036082474,0.046391753,0.067010309,0.036082474,0.015463918,0.051546392,0.025773196,0.041237113,0.056701031,0.077319588,0.092783505,0.020618557,0.005154639
protease,3beu,wt,VVGGTRAAQGEFPFMVRLSMGCGGALYAQDIVLTAAHCVSGSGNNTSITATGGVVDLQSSSAVKVRSTKVLQAPGFTKETYGKDWALIKLAQPINQPTLKIATTTAYNQGTFTVAGWGANREGGSQQRYLLKANVPFVSDAACRSSSSFILVANEMICAGYDTKQEDTCQGDSGGPMFRKDNADEWVQVGIVSWGEGCARKGKYGVYTEVSTFASAIASAARTL,non_thermophilic,0.0053,55.02,51.03,49.13,51.72666667,0.084821429,26.71875,8.522027397,0.263392857,0.263392857,0.227678571,0.99961722,-0.079464286,21,17,73.21428571,,,,,,,,,,0.120535714,0.026785714,0.040178571,0.035714286,0.035714286,0.116071429,0.004464286,0.040178571,0.049107143,0.053571429,0.017857143,0.035714286,0.026785714,0.053571429,0.040178571,0.084821429,0.084821429,0.084821429,0.017857143,0.03125
protease,3snd,wt,SGFRKMAFPSGKVEGCMVQVTCGTTTLNGLWLDDTVYCPRHVICTAEDMLNPNYEDLLIRKSNHSFLVQAGNVQLRVIGHSMQNCLLRLKVDTSNPKTPKYKFVRIQPGQTFSVLACYNGSPSGVYQCAMRPNHTIKGSFLNGSCGSVGFNIDYDCVSFCYMHHMELPTGVHAGTDLEGKFYGPFVDRQTAQAAGTDTTITLNVLAWLYAAVINGDRWFLNRFTTTLNDFNLVAMKYNYEPLTQDHVDILGPLSAQTGIAVLDMCAALKELLQNGMNGRTILGSTILEDEFTPFDVVRQCSGVTFQ,non_thermophilic,0.025,50.01,48.9,54.35,51.08666667,0.098039216,29.67421569,6.220368385,0.31372549,0.241830065,0.215686275,0.991889169,-0.049019608,31,26,81.83006536,,,,,,,,,,0.055555556,0.039215686,0.055555556,0.029411765,0.052287582,0.08496732,0.026143791,0.039215686,0.035947712,0.098039216,0.032679739,0.062091503,0.04248366,0.045751634,0.039215686,0.052287582,0.08496732,0.078431373,0.009803922,0.035947712
protease,3sv6,wt,GSHMASMKKKGSVVIVGRINLSGDTAYAQQTRGEEGCQETSQTGRDKNQVEGEVQIVSTATQTFLATSINGVLWTVYHGAGTRTIASPKGPVTQMYTNVDKDLVGWQAPQGSRSLTPCTCGSSDLYLVTRHADVIPVRRRGDSRGSLLSPRPISYLKGSSGGPLLCPAGHAVGIFRAAVSTRGVAKAVDFIPVESLETTMRSP,non_thermophilic,0.001,51.66,51.27,49.67,50.86666667,0.049261084,33.9320197,9.472936058,0.251231527,0.290640394,0.192118227,1.000760371,-0.251231527,26,15,76.79802956,,,,,,,,,,0.073891626,0.019704433,0.039408867,0.034482759,0.014778325,0.113300493,0.019704433,0.044334975,0.039408867,0.064039409,0.019704433,0.019704433,0.054187192,0.049261084,0.068965517,0.103448276,0.093596059,0.093596059,0.009852217,0.024630542
protease,4ink,wt,GSENSVKLITNTNVAPYSGVTWMGAGTGFVVGNHTIITNKHVTYHMKVGDEIKAHPNGFYNNGGGLYKVTKIVDYPGKEDIAVVQVEEKSTQPKGRKFKDFTSKFNIASEAKENEPISVIGYPNPNGNKLQMYESTGKVLSVNGNIVTSDAVVQPGSSGSPILNSKREAIGVMYASDKPTGESTRSFAVYFSPEIKKFIADNLDK,non_thermophilic,0.047,55.21,52.65,42.57,50.14333333,0.087804878,25.66882927,8.87969799,0.282926829,0.326829268,0.16097561,1.008006317,-0.443902439,27,20,71.70731707,,,,,,,,,,0.053658537,0,0.03902439,0.058536585,0.03902439,0.102439024,0.019512195,0.068292683,0.097560976,0.029268293,0.019512195,0.082926829,0.053658537,0.019512195,0.014634146,0.087804878,0.068292683,0.097560976,0.004878049,0.043902439
protease,5gpi,wt,GSGALWDVPAPKEVKKGETTDGVYRVMTRRLLGSTQVGVGVMQEGVFHTMWHVTKGAALRSGEGRLDPYWGDVKQDLVSYCGPWKLDAAWDGLSEVQLLAVPPGERAKNIQTLPGIFKTKDGDIGAVALDYPAGTSGSPILDKCGRVIGLYGNGVVIKNGSYVSAITQGKREEETPVE,non_thermophilic,0.037,54.37,60.53,52.47,55.79,0.073033708,28.07078652,6.191664696,0.297752809,0.269662921,0.219101124,1.002288321,-0.25505618,22,21,83.70786517,,,,,,,,,,0.06741573,0.011235955,0.061797753,0.056179775,0.011235955,0.146067416,0.011235955,0.039325843,0.06741573,0.078651685,0.016853933,0.016853933,0.056179775,0.033707865,0.04494382,0.050561798,0.061797753,0.106741573,0.028089888,0.033707865
protease,8cnx,wt,CEDDYNDAVLSVHTSKFPNMYIPVGQVTNYGFLNLGGTPTHRILMYNFPTRAGQCGGVVTTTGKVIGIHVGGNGAQGFAAMLLHSYFTDTQKHHHHHH,non_thermophilic,0.0802,46.72,51.03,56.47,51.40666667,0.102040816,9.691836735,7.311108589,0.285714286,0.265306122,0.153061224,0.989127207,-0.251020408,15,5,68.57142857,,,,,,,,,,0.062827225,0.015706806,0.062827225,0.031413613,0.052356021,0.094240838,0.062827225,0.068062827,0.041884817,0.068062827,0.031413613,0.052356021,0.036649215,0.031413613,0.052356021,0.020942408,0.094240838,0.083769634,0,0.036649215
protease,8inq,wt,SGFRKMAFPSGKVESCMVQVTCGTTTLNGLWLDDVVYCPRHVICTSEDMLNPNYEDLLIRKSNHNFLVQAGNVQLRVIGHSMQNCVLKLKVDTANPKTPKYKFVRIQPGQTFSVLACYNGSPSGVYQCAMRPNFTIKGSFLNGSCGSVGFNIDYDCVSFCYMHHMELPTGVHAGTDLEGNFYGPFVDRQTAQAAGTDTTITVNVLAWLYAAVINGDRWFLNRFTTTLNDFNLVAMKYNYEPLTQDHVDILGPLSAQTGIAVLDMCASLKELLQNGMNGRTILGSALLEDEFTPFDVVRQCSGVTFQ,non_thermophilic,0.02778,48.44,48.94,53.83,50.40333333,0.10130719,29.34676471,5.950837898,0.320261438,0.248366013,0.212418301,0.991906004,-0.020261438,29,26,82.12418301,,,,,,,,,,0.055555556,0.039215686,0.055555556,0.029411765,0.055555556,0.081699346,0.022875817,0.035947712,0.035947712,0.094771242,0.032679739,0.068627451,0.04248366,0.045751634,0.035947712,0.055555556,0.078431373,0.088235294,0.009803922,0.035947712
protease,1btw,var,PSTDDKIVGGKECKPHSQPWQISLQTKKHFCGGSLIHPQWVLSAAHCFKKKIKIRLGEHSIKKKEGTEQLITSTKYFRHKKYNSKTHNNDIMLLKLPKKAKLTKAVKTIPLPKKCASPGTQCLVSGWGTLSSPSTSYPDTLRCVSVPVLSKKKCKKKYKKKITKNMLCAGLPEGGKDSCQGDSGGPLVCNKVLQGIVSWGEGCARPKKPGVYTNVCKFKKWIKKKMKKD,non_thermophilic,0.0029,56.743,51.058,54.212,54.00433333,0.061135371,28.01353712,9.98662014,0.244541485,0.257641921,0.148471616,1.010142154,-0.653275109,57,13,69.34497817,,85.6,12.4,1.5,0.5,,,,,0.030567686,0.052401747,0.030567686,0.026200873,0.017467249,0.082969432,0.030567686,0.052401747,0.200873362,0.07860262,0.013100437,0.026200873,0.065502183,0.034934498,0.017467249,0.082969432,0.061135371,0.052401747,0.021834061,0.021834061
protease,1hxw,var,KIKEIKEGPYIKIKIEGEEKEMLIDSGSEITIIKEEIYPKNIKEKEIEGIGGKIKIKKAPPIKIEIEGIKKEIPILITNTPIPLLGRDILTQIKATLDL',thermophilic,0.99,69.77,71.8,72.8,71.45666667,0.02020202,42.88282828,8.052117348,0.343434343,0.191919192,0.252525253,1.018141402,-0.25959596,19,18,128.0808081,,,,,,,,,,0.02020202,0,0.03030303,0.151515152,0,0.080808081,0,0.252525253,0.181818182,0.070707071,0.01010101,0.02020202,0.070707071,0.01010101,0.01010101,0.02020202,0.050505051,0,0,0.02020202
protease,2fyq,var,HHHHHHEEEEEEEAAAPWWARVVDFGKGHGVMVSPRLFVTCTHVVPEGFKGFKGEELKEEDFKALGDLCLARCASGKHPDITGKFLAAAPPAGAAAHLLLRKASGEALRAPVAAAGAFAYAAAGAAPERREGWLAAGGAAAGAALATQPGDCGAALLLQRGADYFLAGLHTLAAPGGRCG,non_thermophilic,0.0112,53.36,53.54,56.12,54.34,0.072222222,37.26388889,6.258166313,0.222222222,0.205555556,0.416666667,0.998227722,-0.039444444,28,21,76.83333333,,,,,,,,,,0.231958763,0.025773196,0.036082474,0.077319588,0.051546392,0.12371134,0.06185567,0.005154639,0.041237113,0.103092784,0.005154639,0,0.056701031,0.015463918,0.051546392,0.015463918,0.025773196,0.046391753,0.015463918,0.010309278
protease,3beu,var,MVGGQRAQQGEFPWMVYLSTGCGGALVAPDVVVTAAHCVAGRGANQTVTAYFNVLDLNSSQGVSVRSSQIWTAPGYSYPNYDRDIAVIRLAQPVNQPTIRLATQAEVNQGNFVVAGFGRTSEGGSSSRYLLKANVPYVPDATCRNASYYNNNYQTMICAGYPQGGVDSCQGDSGGPLMRRQANGEYVLVGLVSWGEGCARPNRYGVYTRVAAYQSEIQAAMRRS,non_thermophilic,0.3147,55.91,52.5,55.148,54.51933333,0.098214286,35.09821429,8.749858665,0.28125,0.303571429,0.205357143,0.99494186,-0.234821429,18,13,71.38392857,,,,,,,,,,0.107142857,0.026785714,0.03125,0.026785714,0.017857143,0.116071429,0.004464286,0.026785714,0.004464286,0.049107143,0.022321429,0.0625,0.049107143,0.071428571,0.071428571,0.075892857,0.049107143,0.107142857,0.013392857,0.066964286
protease,3snd,var,AQQQQRFGMQMQAPAAMVEVQLGGQKLNGLFADDVLYVPKHAVFSEQDLQNPQNQQLVERLKKENPVVTFQGKQFKVQSVKFENDLVALKLEGQGPKYPKVQFAQAQPGQLVAITTNFQGQGFQTQNYQVNPDGTVSGVSRPGDCGSVGCLVQNGQATIVCMHKGVLPNGQAVFTKLDASKFEVKQEQKAPSFMDSFMGSEMDMMNKMASMDQQGMQSFMSQMSSMMTPEQLKAAGFEYKPGEDAFTAGLMKHSKVQPVEGVDMSEVVAESARRLNAAAAAAGVPVVGKVESVQDNFERLMQDPDA,non_thermophilic,0.016,56.75,53.48,50.78,53.67,0.068627451,39.49183007,5.358518791,0.238562092,0.238562092,0.267973856,1.006777016,-0.395424837,30,32,64.96732026,,,,,,,,,,0.091503268,0.009803922,0.049019608,0.055555556,0.055555556,0.08496732,0.009803922,0.006535948,0.068627451,0.058823529,0.062091503,0.04248366,0.052287582,0.12745098,0.019607843,0.058823529,0.029411765,0.104575163,0,0.013071895
protease,3sv6,var,SSGSGSGGGGGVVVVEEEEGGGGVTAYAQQTRGLLGCIITSLTGRDKNQVEGEVQIVSTATQTFLATCINGVCWTVYHGAGTRTIASPKGPVIQMYTNVDQDLVGWPAPQGARSLTPCTCGSSDLYLVTRHADVIPVRRRGDSRGSLLSPRPVSYLKGSSGGPLLCPSGHAVGIFRAAVCTRGVAKAVDFIPVESMETTMRSL,non_thermophilic,0.016,56.75,53.48,50.78,53.67,0.049261084,44.29064039,8.18762989,0.270935961,0.310344828,0.192118227,0.9962338,0.012315271,20,15,82.51231527,,,,,,,,,,0.068965517,0.034482759,0.034482759,0.039408867,0.014778325,0.147783251,0.014778325,0.044334975,0.019704433,0.068965517,0.014778325,0.014778325,0.054187192,0.039408867,0.064039409,0.093596059,0.088669951,0.108374384,0.009852217,0.024630542
protease,4ink,var,IAEKSSVYINITSKNPQTGEEKKFSGSGFFASPDTIVTNKHVVEGAKKGDEISITPSDPNNPNLGKFKVLEVKDFPNNPDLAILKVDPNTLSPNAKTLKDKFPTLKLGENPKEGEKLKIVGYPLPEGKPNTPTISEGKVLKNEGKLFQVEANLAPGNSGGPVLNDKNEVVGIATLINPNNPNEKTGYILSLTPPIKKFLEENLKS,thermophilic,0.8767,68.37,64.42,64.83,65.87333333,0.053658537,13.26097561,8.573086357,0.273170732,0.356097561,0.214634146,1.019074101,-0.593658537,28,25,83.17073171,,,,,,,,,,0.03902439,0,0.03902439,0.082926829,0.03902439,0.082926829,0.004878049,0.063414634,0.131707317,0.092682927,0,0.107317073,0.102439024,0.009756098,0,0.063414634,0.063414634,0.063414634,0,0.014634146
protease,5gpi,var,SPPPPPPPPPPPPPPPKVKVEGVYRVEVTSFFGLSFVGTGFVVGGVFYTCHHVVGGKKVKVGPHTLTLTHEDKKRDLAAYTHTLPEGVALEGVEGLTLHTHTPHTLPEGVRALEGVVEVEDGEFLRTTLDYTNGSSGSPLLDGEGRVVGLHNAARCVVEGEGVVEEDDDDEEEEEEEG,thermophilic,0.581,74.78,71.3,78.93,75.00333333,0.056179775,45.28095506,4.672017479,0.280898876,0.286516854,0.247191011,1.004364892,-0.388764045,22,32,76.96629213,,,,,,,,,,0.033707865,0.011235955,0.050561798,0.129213483,0.033707865,0.129213483,0.050561798,0,0.039325843,0.084269663,0,0.011235955,0.112359551,0,0.033707865,0.033707865,0.084269663,0.140449438,0,0.02247191
protease,8cnx,var,KGPSLEFATALMKRNCVLARGDKGEFTMLGVHDRLAILPKHANPGETLWINDVETKVVEVKELRDEDDVNLELTLVQLDKNQKFRDIRKFLPEEVEDCDDAVLMVNTANFPNMYIPVGAVTEHGFMNLGGKPTARVMTYNYPTRAGQCGGVVCTAGKVLGIHIGGNGVQGFSAALMRKYFEEEEHHHHHHH,non_thermophilic,0.0018,44.64,48.49,52.79,48.64,0.068062827,27.36125654,5.987158012,0.282722513,0.204188482,0.277486911,0.999844126,-0.359162304,32,27,81.09947644,,,,,,,,,,0.068062827,0.020942408,0.057591623,0.083769634,0.041884817,0.094240838,0.057591623,0.031413613,0.062827225,0.089005236,0.036649215,0.057591623,0.041884817,0.020942408,0.047120419,0.010471204,0.057591623,0.094240838,0.005235602,0.020942408
protease,8inq,var,VGGVRGGVAKGVEFGCVVEVSDGKTTCFGVALGDTLYVPRHVLNDAQTLLDANVKTLTLKAKGANVFGGAKGVELKVVGVSKERDVLKLKVDVKGLNVKGAKFAKVGDVKSGVFALNVDGVTQNVTQFGVTQNGVYVAQTQKGMCGALGVVVDKNGAKIVAMHVGANAQNVGVAQVFDVDEFEDVEFDEFEFTPQTNVVLDGVVLDGVKTKGVKTNVEFVEPLKHTKTKLTLLGELPHKTPLHKTTLDALKPLLKTHNITPSKHTPRLFDVYETQNGVKTPLCALAYDTTLPLDDVCAAFADTLRA,non_thermophilic,0.0104,49.18,51.71,65.12,55.33666667,0.058823529,2.89248366,7.749905586,0.330065359,0.196078431,0.22875817,1.000345078,0.045098039,42,34,97.2875817,,,,,,,,,,0.078431373,0.016339869,0.068627451,0.04248366,0.045751634,0.104575163,0.022875817,0.006535948,0.098039216,0.10130719,0.006535948,0.045751634,0.032679739,0.032679739,0.016339869,0.013071895,0.091503268,0.163398693,0,0.013071895
dehydrogenase,1axe,wt,STAGKVIKCKAAVLWEEKKPFSIEEVEVAPPKAHEVRIKMVATGICRSDDHVVSGTLVTPLPVIAGHEAAGIVESIGEGVTTVRPGDKVIPLWTPQCGKCRVCKHPEGNFCLKNDLSMPRGTMQDGTSRFTCRGKPIHHFLGTSTFSQYTVVDEISVAKIDAASPLEKVCLIGCGFSTGYGSAVKVAKVTQGSTCAVFGLGGVGLSVIMGCKAAGAARIIGVDINKDKFAKAKEVGATECVNPQDYKKPIQEVLTEMSNGGVDFSFEVIGRLDTMVTALSCCQEAYGVSVIVGVPPDSQNLSMNPMLLLSGRTWKGAIFGGFKSKDSVPKLVADFMAKKFALDPLITHVLPFEKINEGFDLLRSGESIRTILTF,Non-thermophilic,[0.00578838],51.00162506,44.55026245,46.48912048,47.34700267,0.064171123,24.70481283,8.313149834,0.299465241,0.245989305,0.221925134,0.999275082,0.111764706,49,38,88.82352941,,,,,,,,,,0.07486631,0.037433155,0.045454545,0.056149733,0.045454545,0.101604278,0.018716578,0.064171123,0.080213904,0.06684492,0.024064171,0.021390374,0.053475936,0.021390374,0.032085561,0.069518717,0.064171123,0.104278075,0.00802139,0.010695187
dehydrogenase,1mx3,wt,MGSSHHHHHHSSGLVPRGSHMPLVALLDGRDCTVEMPILKDVATVAFCDAQSTQEIHEKVLNEAVGALMYHTITLTREDLEKFKALRIIVRIGSGFDNIDIKSAGDLGIAVCNVPAASVEETADSTLCHILNLYRRATWLHQALREGTRVQSVEQIREVASGAARIRGETLGIIGLGRVGQAVALRAKAFGFNVLFYDPYLSDGVERALGLQRVSTLQDLLFHSDCVTLHCGLNEHNHHLINDFTVKQMRQGAFLVNTARGGLVDEKALAQALKEGRIRGAALDVHESEPFSFSQGPLKDAPNLICTPHAAWYSEQASIEMREEAAREIRRAITGRIPDSLKNCVNK,Non-thermophilic,[0.0912755],56.53458023,44.04408646,44.02448273,48.2010498,0.051873199,40.08475504,6.520535088,0.291066282,0.201729107,0.293948127,0.99522221,-0.128530259,55,41,96.45533141,,,,,,,,,,0.103746398,0.023054755,0.051873199,0.066282421,0.031700288,0.077809798,0.051873199,0.060518732,0.034582133,0.106628242,0.017291066,0.034582133,0.028818444,0.037463977,0.07204611,0.060518732,0.048991354,0.07204611,0.005763689,0.014409222
dehydrogenase,2agl,wt,,,,,,,,,,,,,,,,,,,,,,,,,,,,,,,,,,,,,,,,,,,,,,,
dehydrogenase,2bhp,wt,MTVEPFRNEPIETFQTEEARRAMREALRRVREEFGRHYPLYIGGEWVDTKERMVSLNPSAPSEVVGTTAKAGKAEAEAALEAAWKAFKTWKDWPQEDRSRLLLKAAALMRRRKRELEATLVYEVGKNWVEASADVAEAIDFIEYYARAALRYRYPAVEVVPYPGEDNESFYVPLGAGVVIAPWNFPVAIFTGMIVGPVAVGNTVIAKPAEDAVVVGAKVFEIFHEAGFPPGVVNFLPGVGEEVGAYLVEHPRIRFINFTGSLEVGLKIYEAAGRLAPGQTWFKRAYVETGGKDAIIVDETADFDLAAEGVVVSAYGFQGQKCSAASRLILTQGAYEPVLERVLKRAERLSVGPAEENPDLGPVVSAEQERKVLSYIEIGKNEGQLVLGGKRLEGEGYFIAPTVFTEVPPKARIAQEEIFGPVLSVIRVKDFAEALEVANDTPYGLTGGVYSRKREHLEWARREFHVGNLYFNRKITGALVGVQPFGGFKLSGTNAKTGALDYLRLFLEMKAVAERF,Thermophilic,[0.99979906],79.19007111,74.86053467,75.13575745,76.39545441,0.106589147,32.23063953,5.566606331,0.329457364,0.205426357,0.315891473,0.999801329,-0.131589147,68,71,88.46899225,,,,,,,,,,0.120155039,0.001937984,0.029069767,0.108527132,0.052325581,0.091085271,0.009689922,0.042635659,0.050387597,0.075581395,0.011627907,0.027131783,0.05620155,0.019379845,0.071705426,0.031007752,0.042635659,0.104651163,0.015503876,0.03875969
dehydrogenase,2ejw,wt,MEALKIALLGGGTVGSAFYNLVLERAEELSAFGVVPRFLGVLVRDPRKPRAIPQELLRAEPFDLLEADLVVEAMGGVEAPLRLVLPALEAGIPLITANKALLAEAWESLRPFAEEGLIYHEASVMAGTPALSFLETLRGSELLELHGILNGTTLYILQEMEKGRTYAEALLEAQRLGYAEADPTLDVEGIDAAHKLTLLARLLVDPGFPFAEVEAQGIARLTPEVLQKAEARGERVRLVASLFGEGGRWRAAVAPRRLPQDHPLARARGNALWVRARPLGEAFVTGPGAGGGATASGLFADLLRFLSGAPGHLPAPRARPPLEEGSPWPGVE,Thermophilic,[0.99995015],81.44510651,78.76535797,83.43762207,81.21602885,0.063253012,37.28135542,5.220172691,0.31626506,0.225903614,0.424698795,0.997264558,0.104819277,38,43,107.1084337,,,,,,,,,,0.147590361,0,0.027108434,0.102409639,0.036144578,0.105421687,0.015060241,0.027108434,0.018072289,0.162650602,0.012048193,0.012048193,0.078313253,0.018072289,0.081325301,0.030120482,0.036144578,0.063253012,0.012048193,0.015060241
dehydrogenase,2o3j,wt,MTDQVFGKVSKVVCVGAGYVGGPTCAMIAHKCPHITVTVVDMNTAKIAEWNSDKLPIYEPGLDEIVFAARGRNLFFSSDIPKAIAEADLIFISVNTPTKMYGRGKGMAPDLKYVESVSRTIAQYAGGPKIVVEKSTVPVKAAESIGCILREAQKNNENLKFQVLSNPEFLAEGTAMKDLANPDRVLIGGESSPEGLQAVAELVRIYENWVPRNRIITTNTWSSELSKLVANAFLAQRISSINSISAVCEATGAEISEVAHAVGYDTRIGSKFLQASVGFGGSCFQKDVLSLVYLCESLNLPQVADYWQGVININNWQRRRFADKIIAELFNTVTDKKIAIFGFAFKKNTGDTRESSAIHVIKHLMEEHAKLSVYDPKVQKSQMLNDLASVTSAQDVERLITVESDPYAAARGAHAIVVLTEWDEFVELNYSQIHNDMQHPAAIFDGRLILDQKALREIGFRTFAIGTSPDQAYNLFGTAGY,Non-thermophilic,[0.03218936],44.57232666,45.72279358,42.13682175,44.14398066,0.085239085,24.61060291,5.923782539,0.318087318,0.224532225,0.255717256,0.998592237,-0.046985447,57,54,92.68191268,,,,,,,,,,0.103950104,0.014553015,0.04989605,0.062370062,0.043659044,0.066528067,0.018711019,0.076923077,0.058212058,0.070686071,0.018711019,0.04989605,0.037422037,0.037422037,0.041580042,0.070686071,0.051975052,0.085239085,0.012474012,0.029106029
dehydrogenase,2qta,wt,SERFPNDVDPIETRDWLQAIESVIREEGVERAQYLIDQLLAEARKGGVNVAAGTGISNYINTIPVEEQPEYPGNLELERRIRSAIRWNAIMTVLRASKKDLELGGHMASFQSSATIYDVCFNHFFRARNEQDGGDLVYFQGHISPGVYARAFLEGRLTQEQLDNFRQEVHGNGLSSYPHPKLMPEFWQFPTVSMGLGPIGAIYQAKFLKYLEHRGLKDTSKQTVYAFLGDGEMDEPESKGAITIATREKLDNLVFVINCNLQRLDGPVTGNGKIINELEGIFEGAGWNVIKVMWGSRWDELLRKDTSGKLIQLMNETVDGDYQTFKSKDGAYVREHFFGKYPETAALVADWTDEQIWALNRGGHDPKKIYAAFKKAQETKGKATVILAHTIKGYGMGDAAKGKNIAHQVKKMNMDGVRHIRDRFNVPVSDADIEKLPYITFPEGSEEHTYLHAQRQKLHGYLPSRQPNFTEKLELPSLQDFGALLEEQSKEISTTIAFVRALNVMLKNKSIKDRLVPIIADEARTFGMEGLFRQIGIYSPNGQQYTPQDREQVAYYKEDEKGQILQEGINELGAGCSWLAAATSYSTNNLPMIPFYIYYSMFGFQRIGDLCWAAGDQQARGFLIGGTSGRTTLNGEGLQHEDGHSHIQSLTIPNCISYDPAYAYEVAVIMHDGLERMYGEKQENVYYYITTLNENYHMPAMPEGAEEGIRKGIYKLETIEGSKGKVQLLGSGSILRHVREAAEILAKDYGVGSDVYSVTSFTELARDGQDCERWNMLHPLETPRVPYIAQVMNDAPAVASTDYMKLFAEQVRTYVPADDYRVLGTDGFGRSDSRENLRHHFEVDASYVVVAALGELAKRGEIDKKVVADAIAKFNIDADKVNPRLA,Non-thermophilic,[0.04161871],54.01741028,49.85126877,50.42539978,51.43135961,0.098194131,37.59267494,5.529433632,0.299097065,0.221218962,0.262979684,1.002008403,-0.439954853,121,122,80.72234763,,,,,,,,,,0.081264108,0.006772009,0.058690745,0.079006772,0.038374718,0.089164786,0.025959368,0.064334086,0.05530474,0.079006772,0.023702032,0.042889391,0.040632054,0.046275395,0.05530474,0.048532731,0.047404063,0.057562077,0.01241535,0.047404063
dehydrogenase,5ur0,wt,HHHHHHSSGLVPRGSHMVKIGINGFGRIGRLVFRASLERTDVEVVAINDIMMTPEYMIYMIKYDTVHGKFHGKLEHTEKSIIVNGREIHVLCERDPEQLPWGQHNVEYVVESTGIFTKLDSAAKHLKGGAKRVVISAPADTPTFVMGVNNHEYKPEMTVINNASCTTNCLAPIAAVLHENFGIVEGLMTTVHAVTATQPTVDAPSRKDWRGGRAAGYNIIPSSTGAAKAVGLVIPSLNGKLTGMAFRVPTVDVSVVDLTCRLEKPATKKQIDEAMKAASESERFKGILKFTDEEVVSSDFVHDSASSTYDSKASICLNEHFVKVVAWYDNEWGYSNRVLDLIKSTAKIQ,Non-thermophilic,[0.02428201],57.14352417,48.32950974,47.55604553,51.00969315,0.068767908,23.45902579,7.085116768,0.29512894,0.226361032,0.229226361,0.998626506,-0.178796562,56,39,85.98853868,,,,,,,,,,0.080229226,0.014326648,0.048710602,0.063037249,0.031518625,0.071633238,0.051575931,0.065902579,0.065902579,0.05730659,0.028653295,0.042979943,0.040114613,0.014326648,0.042979943,0.071633238,0.068767908,0.103151862,0.011461318,0.025787966
dehydrogenase,6d9y,wt,MAHHHHHHMNRIDLEGRVVVITGGARGIGYAVAQRALRSGAAVALWDLDAERLARSERELAELGKVCAVTVDQTKEAQIEAAVGKTLAAFGAIDVLINCAGITGGNGTTWELEPDVWRQVIDVNLIGPYLVCRAVVPQMLKQGYGRIVNIASVAGKEGNPNASHYSASKAGLIGLTKSLGKELATKNILVNAVTPAAAKTEIFDSMKQEHIDYMLSKIPMNRFLLPDEAASLILWLGSEDCAFSTGSVFDLSGGRATY,Non-thermophilic,[0.11091826],62.45343018,56.82034302,55.2590332,58.17760213,0.058139535,31.03565891,6.44675808,0.302325581,0.217054264,0.310077519,0.996331373,0.071705426,33,27,100.2713178,,,,,,,,,,0.131782946,0.015503876,0.046511628,0.058139535,0.019379845,0.096899225,0.031007752,0.065891473,0.046511628,0.096899225,0.023255814,0.03875969,0.027131783,0.027131783,0.050387597,0.054263566,0.050387597,0.081395349,0.015503876,0.023255814
dehydrogenase,7mx6,wt,SMSLQVNLLNNTFANPFMNAAGVMCTTTEELVAMTESASGSLVSKSCTPALREGNPTPRYQALPLGSINSMGLPNNGFDFYLAYAAEQHDYGKKPLFLSMSGLSMRENVEMCKRLAAVATEKGVILELNLSCPNVPGKPQVAYDFDAMRQCLTAVSEVYPHSFGVKMPPYFDFAHFDAAAEILNEFPKVQFITCINSIGNGLVIDAETESVVIKPKQGFGGLGGRYVLPTALANINAFYRRCPGKLIFGCGGVYTGEDAFLHVLAGASMVQVGTALQEEGPSIFERLTSELLGVMAKKRYQTLDEFRGKVRTLDGTAESTR,Non-thermophilic,[0.02343142],44.59617615,45.71409607,44.02222443,44.77749888,0.090342679,42.09009346,5.681989479,0.295950156,0.264797508,0.295950156,0.997261676,0.003738318,31,31,82.36760125,,,,,,,,,,0.093457944,0.024922118,0.031152648,0.065420561,0.056074766,0.090342679,0.012461059,0.034267913,0.043613707,0.099688474,0.037383178,0.052959502,0.056074766,0.031152648,0.040498442,0.065420561,0.059190031,0.07165109,0,0.034267913
dehydrogenase,1axe,var,MMSGKVIKCKAAVVWEPGKPFVVEEVEVAPPKAHEVRVKIVATGICHSDEHVMKGDIPFPVPIVGGHEGAGIVESVGEGVKTVKPGDHVLTVFTGQCGKCRECESERSSMCLKGSANTEKGMMLDGTTRFSVKGKPVHHFLNVSSFSEYTVVDEGSVVKIDPAAPLEKICLLGCGVSTGYGAAVNTAKVTKGSTVVVFGIGGVGLSAIMGAKAAGAARIIGVDLNADKLAKAKELGATETINPAEVKKPVADVIKEMTDGGADFAFECIGRTDVIQAAFDSTALGWGVTVVLGVAPADAQIAVHPMKLLSGRVLKGSLFGGLKPKTDLPKIAADYLAGKIDLDKMVTHTMPLEKINDAFDLMMSGKSLRCVILP,Non-thermophilic,0.12191195,56.34836578,55.55064774,50.41102219,54.10334524,0.045454545,18.54331551,7.089322853,0.29144385,0.235294118,0.259358289,1.00076983,0.194385027,51,42,93.52941176,,,,,,,,,,0.098930481,0.026737968,0.053475936,0.058823529,0.032085561,0.114973262,0.024064171,0.056149733,0.090909091,0.06684492,0.034759358,0.016042781,0.050802139,0.00802139,0.021390374,0.053475936,0.056149733,0.122994652,0.005347594,0.00802139
dehydrogenase,1mx3,var,SMSHHHHHHHGGGGGGGGGPRPLVALLDGRDCTVEMPILKDLATVAFCDAQSTQEVHEKVLNEAVGALLYHTITLVREDLEKFKALRVVVRIGSGYDNIDIKAAGELGVAVCNTPSGCVEETADSTLCLILNLYRRVTWLSQALREGRRVSSLEEVRQVASGCSRIRGDTLGLVGLGRVGTAVALRAQAFGFRVLFYDPYLPDGTERSLGVERVHSLQELLSQSDCVSLHCRLNEETRHIINTPTLKQMKKGAYLVNTARGGLVDERALAQALQEGHLAGAAVDVLEQEPPDLQGSPLLQAPNLLCTPHVAWYSQQACQELRETAAQEVRRALQGLRPPSLENQVSP,Non-thermophilic,0.36116209,60.9506073,51.7820549,55.60918427,56.11394882,0.040345821,53.16256484,6.160460091,0.291066282,0.221902017,0.305475504,0.996574493,-0.16685879,48,40,97.78097983,,,,,,,,,,0.089337176,0.028818444,0.043227666,0.07204611,0.014409222,0.095100865,0.040345821,0.025936599,0.023054755,0.135446686,0.008645533,0.025936599,0.043227666,0.054755043,0.074927954,0.057636888,0.051873199,0.089337176,0.005763689,0.020172911
dehydrogenase,2agl,var,AGGGGGGGGGGHHQQQQPPPQEEEEEECTTHTHCTLLPGGGGCCAPTTTTCPPTHTPLPHTHNTHTHNNNNNNTHTTTTCCAPDPTLHTCTLPGGGGRVYRAGEEWTEPGCARCVCGGDGVARCVGGGGGGGGGG,Non-thermophilic,0.01041221,53.20494843,56.38119507,54.88513947,54.82376099,0.014814815,74.01777778,5.803624916,0.081481481,0.392592593,0.148148148,1.002799698,-0.805185185,15,11,27.48148148,,,,,,,,,,,,,,,,,,,,,,,,,,,,,
dehydrogenase,2bhp,var,RMALEFKNEPLTDFASPEARKAMEEALKKVKEGLGRTYPLFIGGEWKETPERFKSVNPARPEEVVGEVARAGKAEAEAALEAAYEAFKAWRFTPPEERARLLFKAAALMRERRAELEALLVLEAGKTWEEARGDVAEAIDFLEFYGREALRLGREGRELEVLPGEKNLLLYEPLGVGLVITPWNFPAAIFAGMTAAALVAGNTVVAKPAEETPLVAAKVLEVFKEAGFPPGVVNFLPGLGAEVGAYLVSHPKVRFISFTGSKEVGLKILEAAAKVQPGQKWLKRAVFEMGGKDAIVVDETADPDLAAAGVVRSAFGFQGQKCSACSRLILVEGAYEKVLEKVVKAAEGLKVGPGLENPDVGPLISPEAEKRVLSYIELGEKEGRLVLGGKALKGEGRFVAPTVFAEVDPKARIAQEEIFGPVLAVLKAKDFEEALEVANATEYGLTGGVFSLNKAHLERAKREFEVGNLYFNRGITGALVGRQPFGGFKLSGTGVKAGGPEYLKAFLEVKAVSERW,Thermophilic,0.99996002,78.4956131,76.20576477,71.34100342,75.34746043,0.087209302,23.73238372,5.697733879,0.312015504,0.207364341,0.381782946,1.004453837,-0.063953488,72,75,92.3255814,,,,,,,,,,0.139534884,0.003875969,0.019379845,0.125968992,0.05620155,0.104651163,0.003875969,0.025193798,0.07751938,0.106589147,0.009689922,0.021317829,0.05620155,0.011627907,0.058139535,0.025193798,0.031007752,0.093023256,0.011627907,0.019379845
dehydrogenase,2ejw,var,PMRLRVALLGLGTVGGAFLELALARRGELEALGLEPLFLKALVRDPSKPRPLPKGLLSPDPRDLLEADLVVEALPGLEAPLPLALEALKAGRHLVTANKALLALHGEALAPFLGEGRLGFEASVGGGIPLLEALEGLKGLEVLEVRGILNGTTNFLLGELARGRPYPEALREAQRLGYAEADPSLDVEGLDAAHKLALLARLAFGLPLPLEGVRREGITSLSPEALARAKARGEVLKLLASLEREGEGLKAWVGPRALPPSHPLAQVEGNGLWVRPSPLGEAFFLGRGAGGRPTASALLGDLLRLLRAPKAPSPLPPSPPSPGGAPSPPPSP,Thermophilic,0.99997544,81.00345612,80.79119873,85.91357422,82.56940969,0.036144578,38.04096386,7.474577522,0.307228916,0.298192771,0.439759036,1.001991302,0.093373494,41,37,114.4578313,,,,,,,,,,0.13253012,0,0.024096386,0.087349398,0.024096386,0.123493976,0.012048193,0.009036145,0.03313253,0.21686747,0.003012048,0.012048193,0.11746988,0.006024096,0.078313253,0.045180723,0.018072289,0.045180723,0.006024096,0.006024096
dehydrogenase,2o3j,var,MMTTTTTKLKKIVCVGAGYVGGPTGAVIASKCPDVQVTVVDINAQRVEAWNNDKLPIYEPGLPEAVAAVKGKNLFFTTELGPALADADIIMIAVNTPTKTYGVGAGTAADMSYVEAAARSIGEHAKGNAIIVEKSTVPCRTAEMVEKIVAEAAAKNPNVKFSVLSNPEFLAEGTAIKDFMNPDRVLIGCEKTPEGEAAAAELVKLYEAWIPKERILVTNRWSAELSKLVANSMLAQRISSINSMSAICEATGADITEVAKAVGLDSRIGPKFLQAGIGFGGSCFRKDILGFVHLAKTLNLPEVAEYWEQVVRINEFQKKRFAEKVIRALNNTVKDKKIAAWGFAFKKNTDDTRESPAVEVCKTLLGEGAKLAIYDPVVNKQQVHLDLQRVLPAAEVEKLVTIVDDKYAAAKGAHALVVLTEWDEFRAPNYQQIYNDMAKPAYIFDGRNMLDHKALRAIGFNVYGVGRAPAPAAPVAAKAAD,Non-thermophilic,0.0632021,48.08660126,53.67238998,46.77668762,49.51189295,0.070686071,20.51621622,7.52925663,0.297297297,0.195426195,0.305613306,1.0005312,-0.007692308,62,56,93.57588358,,,,,,,,,,0.147609148,0.014553015,0.047817048,0.068607069,0.033264033,0.066528067,0.01039501,0.062370062,0.081081081,0.068607069,0.020790021,0.047817048,0.047817048,0.022869023,0.037422037,0.033264033,0.056133056,0.095634096,0.012474012,0.024948025
dehydrogenase,2qta,var,MPEAPAAVDPEATKKWVEEMDKVIAEHGRERTEYLLTRMALEAEKRGVSFAAEPMVSDYVNTIPVEEQPKYPGDVELEKRIRAAVRWNAVSMVVRANQKDAGLGGHQSTFASAATLYEVGFNHFFNAENPKAGGDQVYFQGHASPGVYARAFLEGRLTQEQLDNFRQEVKGGGLPSYPHPRMMPDFWQFPTVSMGLGPIMAIYQARFQKYLEDRGVKDKSAGKVWSFLGDGEMDEPEVLGAISLASREKLDNLVYVINCNLQRLDGPVRGNGKIIQELEGMFKGAGYNVIKAIYGEKWDELFAKDESGKLAAWVKDAKDADYQKMFVADGKYVRENLLEKAPEVAAMVKDMTDEQLVALSRGGHDLEKLVAAFKQADETKDKPTVIIAHTIKGYGLEDAVKGKASSHQMKFLTPDEMKAFGEKLGLKLSDADAEKFGFKAPAEGSEEAAFFAAQKARVDGFVAARAGKELPKVEVPELKDLDAKLLAEKAPMSTARAFAKVLNDLAKVPELRERVIPVSPDEARTFGLEGVFNKAGLFDAEGKPLTEEQKANVLRWRESPKGQVIEEGINETGAASVMHGFATTWEREGKPLLPVFVYYSMFGVQRVGDAEFSAVDSRARSMLIGTASGITTLPEDGPQHFGVHTPSMGLERPGSVSYDLAYANEVAVVMRDAFERMYDEKGSSFFYLSVTTKDFAPAPKAPEGAAEAVAKGLYKVEAPKGEKAKVALFGMGTVLRETVAAAEILKKDFGVESAVYSVTSYTELDRDAREVERWNKLAPAERAKVPAVAEAVGDAPVVAVSDYMKSAAESVRAYVPGKNFAVLGTDGFGRSDTREGLRKFFGVDRFHVAVAALGELAKAGKVDAKVVADTLAKFGADKDYVAANLG,Non-thermophilic,0.00232088,72.74552917,69.27302551,72.07553101,71.36469523,0.090293454,28.09673815,5.474129295,0.276523702,0.204288939,0.323927765,1.00615502,-0.31027088,128,134,76.80586907,,,,,,,,,,0.133182844,0.001128668,0.060948081,0.090293454,0.0496614,0.086907449,0.013544018,0.022573363,0.081264108,0.072234763,0.028216704,0.023702032,0.048532731,0.0248307,0.0496614,0.045146727,0.036117381,0.091422122,0.010158014,0.030474041
dehydrogenase,5ur0,var,,,,,,,,,,,,,,,,,,,,,,,,,,,,,,,,,,,,,,,,,,,,,,,
dehydrogenase,6d9y,var,MHHHHHHEAKPLDLTGKVAFITGGASGIGLATAKALVAKGAAVSIFDLDAEKLAAAEKELAAAGKVLAVAGDVTKEADVEAAVAKTVAEFGKIDILVNAAGILGPFGPVTELDAEAWRKVIDVNLNGTFFCCKAVVPHMEKAGGGRIINLASIAGKEGFVNGAPYCASKFGVIGFTKALARELGPKNILVNAICPAGVRTPLMAGAPQEAVDAMLAEIPLGRFAEPEEAADLIVYLASEANTYCTGATFDMNGGRYIR,Thermophilic,0.64122423,73.66543579,69.38847351,66.96546173,70.00645701,0.062015504,21.13062016,5.819369316,0.286821705,0.205426357,0.356589147,0.99782707,0.291472868,31,29,98.13953488,,,,,,,,,,0.186046512,0.019379845,0.042635659,0.069767442,0.042635659,0.108527132,0.027131783,0.062015504,0.065891473,0.081395349,0.019379845,0.034883721,0.042635659,0.003875969,0.027131783,0.019379845,0.046511628,0.081395349,0.003875969,0.015503876
dehydrogenase,7mx6,var,,,,,,,,,,,,,,,,,,,,,,,,,,,,,,,,,,,,,,,,,,,,,,,
taq_polymerase_control,1taq,control,MRGMLPLFEPKGRVLLVDGHHLAYRTFHALKGLTTSRGEPVQAVYGFAKSLLKALKEDGDAVIVVFDAKAPSFRHEAYGGYKAGRAPTPEDFPRQLALIKELVDLLGLARLEVPGYEADDVLASLAKKAEKEGYEVRILTADKDLYQLLSDRIHVLHPEGYLITPAWLWEKYGLRPDQWADYRALTGDESDNLPGVKGIGEKTARKLLEEWGSLEALLKNLDRLKPAIREKILAHMDDLKLSWDLAKVRTDLPLEVDFAKRREPDRERLRAFLERLEFGSLLHEFGLLESPKALEEAPWPPPEGAFVGFVLSRKEPMWADLLALAAARGGRVHRAPEPYKALRDLKEARGLLAKDLSVLALREGLGLPPGDDPMLLAYLLDPSNTTPEGVARRYGGEWTEEAGERAALSERLFANLWGRLEGEERLLWLYREVERPLSAVLAHMEATGVRLDVAYLRALSLEVAEEIARLEAEVFRLAGHPFNLNSRDQLERVLFDELGLPAIGKTEKTGKRSTSAAVLEALREAHPIVEKILQYRELTKLKSTYIDPLPDLIHPRTGRLHTRFNQTATATGRLCCCDPNLQNIPVRTPLGQRIRRGFIAEEGWLLVALDYSQIELRVLAHLSGDENLIRVFQEGRDIHTETASWMFGVPREAVDPLMRRAAKTINFGVLYGMSAHRLSQELAIPYEEAQAFIERYFQSFPKVRAWIEKTLEEGRRRGYVETLFGRRRYVPDLEARVKSVREAAERMAFNMPVQGTAADLMKLAMVKLFPRLEEMGARMLLQVHDELVLEAPKERAEAVARLAKEVMEGVYPLAVPLEVEVGIGEDWLSAKE,thermophilic,0.99,78.06,77.94,75.94,77.31333333,0.078125,32.59939904,6.035414314,0.318509615,0.176682692,0.381009615,1.000293713,-0.272956731,136,129,98.4375,,,,,,,,,,,,,,,,,,,,,,,,,,,,,
k12_polymerase_control,5fkw,control,MSEPRFVHLRVHSDYSMIDGLAKTAPLVKKAAALGMPALAITDFTNLCGLVKFYGAGHGAGIKPIVGADFNVQCDLLGDELTHLTVLAANNTGYQNLTLLISKAYQRGYGAAGPIIDRDWLIELNEGLILLSGGRMGDVGRSLLRGNSALVDECVAFYEEHFPDRYFLELIRTGRPDEESYLHAAVELAEARGLPVVATNDVRFIDSSDFDAHEIRVAIHDGFTLDDPKRPRNYSPQQYMRSEEEMCELFADIPEALANTVEIAKRCNVTVRLGEYFLPQFPTGDMSTEDYLVKRAKEGLEERLAFLFPDEEERLKRRPEYDERLETELQVINQMGFPGYFLIVMEFIQWSKDNGVPVGPGRGSGAGSLVAYALKITDLDPLEFDLLFERFLNPERVSMPDFDVDFCMEKRDQVIEHVADMYGRDAVSQIITFGTMAAKAVIRDVGRVLGHPYGFVDRISKLIPPDPGMTLAKAFEAEPQLPEIYEADEEVKALIDMARKLEGVTRNAGKHAGGVVIAPTKITDFAPLYCDEEGKHPVTQFDKSDVEYAGLVKFDFLGLRTLTIINWALEMINKRRAKNGEPPLDIAAIPLDDKKSFDMLQRSETTAVFQLESRGMKDLIKRLQPDCFEDMIALVALFRPGPLQSGMVDNFIDRKHGREEISYPDVQWQHESLKPVLEPTYGIILYQEQVMQIAQVLSGYTLGGADMLRRAMGKKKPEEMAKQRSVFAEGAEKNGINAELAMKIFDLVEKFAGYGFNKSHSAAYALVSYQTLWLKAHYPAEFMAAVMTADMDNTEKVVGLVDECWRMGLKILPPDINSGLYHFHVNDDGEIVYGIGAIKGVGEGPIEAIIEARNKGGYFRELFDLCARTDTKKLNRRVLEKLIMSGAFDRLGPHRAALMNSLGDALKAADQHAKAEAIGQLDLFGVLAEEPEQIEQSYASCQPWPEQVVLDGERETLGLYLTGHPINQYLKEIERYVGGVRLKDMHPTERGKVITAAGLVVAARVMVTKRGNRIGICTLDDRSGRLEVMLFTDALDKYQQLLEKDRILIVSGQVSFDDFSGGLKMTAREVMDIDEAREKYARGLAISLTDRQIDDQLLNRLRQSLEPHRSGTIPVHLYYQRADARARLRFGATWRVSPSDRLLNDLRGLIGSEQVELEFDMKFTVEREHLLKPLQQVSGPLGGRPTLPILGNLLLQVADGTLSLTGTDLEMEMVARVALVQPHEPGATTVPARKFFDICRGLPEGAEIAVQLEGERMLVRSGRSRFSLSTLPAADFPNLDDWQSEVEFTLPQATMKRLIEATQFSMAHQDVRYYLNGMLFETEGEELRTVATDGHRLAVCSMPIGQSLPSHSVIVPRKGVIELMRMLDGGDNPLRVQIGSNNIRAHVGDFIFTSKLVDGRFPDYRRVLPKNPDKHLEAGCDLLKQAFARAAILSNEKFRGVRLYVSENQLKITANNPEQEEAEEILDVTYSGAEMEIGFNVSYVLDVLNALKCENVRMMLTDSVSSVQIEDAASQSAAYVVMPMRLMSTAITRQIVLDTETTGMNQIGAHYEGHKIIEIGAVEVVNRRLTGNNFHVYLKPDRLVDPEAFGVHGIADEFLLDKPTFAEVADEFMDYIRGAELVIHNAAFDIGFMDYEFSLLKRDIPKTNTFCKVTDSLAVARKMFPGKRNSLDALCARYEIDNSKRTLHGALLDAQILAEVYLAMTGGQLSLPLAMEGETQQQQGEATIQRIVRQASKLRVVFATDEEIAAHEARLDLVQKKGGSCLWRA,non_thermophilic,0.0089,49.54,60.28,46.48,52.1,0.077444884,37.18050876,5.223185158,0.309214245,0.19615602,0.306953081,0.999604146,-0.203335218,238,260,92.25551159,,,,,,,,,,,,,,,,,,,,,,,,,,,,,
